<?xml version="1.0" encoding="UTF-8"?>

<config>
	<!-- Required for DefaultGateway-->
	<invoker>
		<name>PageableRecordSet</name>
		<class>org.openamf.invoker.PageableResultSetServiceInvoker</class>
	</invoker>
	<invoker>
		<name>WebService</name>
		<class>org.openamf.invoker.WebServiceInvoker</class>
	</invoker>
	<invoker>
		<name>JMX</name>
		<class>org.openamf.invoker.JMXServiceInvoker</class>
	</invoker>
	<invoker>
		<name>SLSB</name>
		<class>org.openamf.invoker.SLSBServiceInvoker</class>
	</invoker>
	<invoker>
		<name>Java</name>
		<class>org.openamf.invoker.JavaServiceInvoker</class>
	</invoker>
	
	<!-- Required  for AdvancedGateway -->
	<!-- 
		This allows you to declare infomation about your services,
		instead of having the DefaultGateway guess 
	-->
	<service>
		<name>Directory</name>
		<service-location>
			org.openamf.test.Directory
		</service-location>
		<invoker-ref>
			Java
		</invoker-ref>
		<method>
			<!-- Operation's are matched by the name and parameters -->
			<name>addPerson</name>
			<state-bean-ref>
				<name>Authentication</name>
			</state-bean-ref>
			<parameter>
				<!-- 
					type can be the the name of the class, 
					a * for any types,
					or a ? any 1 type
				-->
				<type>*</type>
			</parameter>
		</method>
		<method>
			<!-- Operation's are matched by the name and parameters -->
			<name>getPeople</name>
			<state-bean-ref>
				<name>Authentication</name>
			</state-bean-ref>
			<parameter>
				<!-- 
					type can be the the name of the class, 
					a * for any types,
					or a ? any 1 type
				-->
				<type>*</type>
			</parameter>
			<result-filter>
				<class>org.openamf.filter.BeanListToRecordSet</class>
				<parameter>
					<name>ignore</name>
					<value>extraInfo</value>
				</parameter>
			</result-filter>
		</method>
	</service>
	
	<state-bean>
		<name>Authentication</name>
		<class>org.openamf.test.Authentication</class>
		<scope>session</scope>
	</state-bean>

</config>